feature,importance
user_rating_count,0.3407505278618918
longitude,0.2665918505340669
latitude,0.2633307383847204
rating,0.129326883219321
primary_type_unknown,0.0
